paper_name,paper_name_fetched,paper_abstract_fetched,verified,topic_directory,downloaded_file,note
The UNIX Time-Sharing System,365 Electronic version recreated by Eric A. Brewer University of California at Berkeley Communications July 1974 of Volume 17 the ACM Number 7,"UNIX is a general-purpose, multi-user, interactive operating system for the Digital Equipment Corporation PDP-11/40 and 11/45 computers. It offers a number of features seldom found even in larger operating systems, including: (1) a hierarchical file system incorporating demountable volumes; (2) compatible file, device, and inter-process I/O; (3) the ability to initiate asynchronous processes; (4) system command language selectable on a per-user basis; and (5) over 100 subsystems including a dozen languages. This paper discusses the nature and implementation of the file system and of the user command interface.",true,introduction,the_unix_time_sharing_system.pdf,
A History and Evaluation of System R,A History and Evaluation of System R,"System R, an experimental database system, was constructed to demonstrate that the usability advantages of the relational data model can be realized in a system with the complete function and high performance required for everyday production use. This paper describes the three principal phases of the System R project and discusses some of the lessons learned from System R about the design of relational systems and database systems in general. representation for the information; indeed, the representation of a given fact may change over time without users being aware of the change. The relational data model was proposed by E.F. Codd [22] in 1970 as the next logical step in the trend toward data independence. Codd observed that conventional database systems store information in two ways: (1) by the contents of records stored in the database, and (2) by the ways in which these records are connected together. Different systems use various names for the connections among records, such as links, sets, chains, parents, etc. For example, in Figure l(a), the fact that supplier Acme supplies bolts is repreCommunications of the ACM sented by connections between the relevant part and supplier ",true,databases,a_history_and_evaluation_of_system_r.pdf,"page 1 begins with the ""COMPUTING PRACTICES"" journal header"
The Design and Implementation of INGRES,The Design and Implementation of INGRES,"The currently operational (March 1976) version of the INGRES database management system is described. This multiuser system gives a relational view of data, supports two high level nonprocedural data sublanguages, and runs as a collection of user processes on top of the UNIX operating system for Digital Equipment Corporation PDP 11/40, 11/45, and 11/70 computers. Emphasis is on the design decisions and tradeoffs related to (1) structuring the system into processes, (2) embedding one command language in a general purpose programming language, (3) the algorithms implemented to process interactions, (4) the access methods implemented, (5) the concurrency and recovery control currently provided, and (6) the data structures used for system catalogs and the role of the database administrator. Also discussed are (1) support for integrity constraints (which is only partly operational), (2) the not yet supported features concerning views and protection, and (3) future plans concerning the system.",true,databases,the_design_and_implementation_of_ingres.pdf,title is split across columns in the scan; transcribed from the PDF
ARIES: A Transaction Recovery Method Supporting Fine-Granularity Locking and Partial Rollbacks Using Write-ahead Logging,ARIES: A Transaction Recovery Method Supporting Fine-Granularity Locking and Partial Rollbacks Using Write-Ahead Logging C. MOHAN IBM Almaden Research Center,"In this paper we present a simple and Semantics), and efficient method, called ARIES ( Algorithm for Recouery which supports partial rollbacks of transactions, finegranularity (e. g., record) locking and recovery using write-ahead logging (WAL). We introduce history to redo all missing updates before performing the rollbacks of the paradigm of repeating the loser transactions during restart after a system failure. ARIES uses a log sequence number in each page to correlate the state of a page with respect to logged updates of that page. All updates of a transaction are logged, including those performed during rollbacks. By appropriate chaining of the log records written during rollbacks to those written during forward progress, a bounded amount of logging is ensured during rollbacks even in the face of repeated failures during restart or of nested rollbacks We deal with a variety of features that are very Important transaction processing system ARIES supports in building and operating an industrial-strength fuzzy checkpoints, selective and deferred restart, fuzzy image copies, media recovery, and high concurrency lock modes (e. g., increment /decrement) which exploit the semantics o",true,databases,aries_a_transaction_recovery_method_supporting_fine_granularity_locking_and_partial_rollba.pdf,
A Fast File System for UNIX,"A Fast File System for UNIX* Marshall Kirk McKusick, William N. Joy†, Samuel J. Leffler‡, Robert S. Fabry Computer Systems Research Group","A reimplementation of the UNIX file system is described. The reimplementation provides substantially higher throughput rates by using more flexible allocation policies that allow better locality of reference and can be adapted to a wide range of peripheral and processor characteristics. The new file system clusters data that is sequentially accessed and provides two block sizes to allow fast access to large files while not wasting large amounts of space for small files. File access rates of up to ten times faster than the traditional UNIX file system are experienced. Long needed enhancements to the programmers’ interface are discussed. These include a mechanism to place advisory locks on files, extensions of the name space across file systems, the ability to use long file names, and provisions for administrative control of resource usage. Revised February 18, 1984 CR Categories and Subject Descriptors: D.4.3 [Operating Systems]: File Systems Management − file organization, directory structures, access methods; D.4.2 [Operating Systems]: Storage Management − allocation/deallocation strategies, secondary storage devices; D.4.8 [Operating Systems]: Performance − measurements, operatio",true,file_systems,a_fast_file_system_for_unix.pdf,
The Design and Implementation of a Log-Structured File System,"The Design and Implementation of a Log-Structured File System Mendel Rosenblum and John K. Ousterhout Electrical Engineering and Computer Sciences, Computer Science Division","This paper presents a new technique for disk storage management called a log-structured file system. A logstructured file system writes all modifications to disk sequentially in a log-like structure, thereby speeding up both file writing and crash recovery. The log is the only structure on disk; it contains indexing information so that files can be read back from the log efficiently. In order to maintain large free areas on disk for fast writing, we divide the log into segments and use a segment cleaner to compress the live information from heavily fragmented segments. We present a series of simulations that demonstrate the efficiency of a simple cleaning policy based on cost and benefit. We have implemented a prototype logstructured file system called Sprite LFS; it outperforms current Unix file systems by an order of magnitude for small-file writes while matching or exceeding Unix performance for reads and large writes. Even when the overhead for cleaning is included, Sprite LFS can use 70% of the disk bandwidth for writing, whereas Unix file systems typically can use only 5-10%.",true,file_systems,the_design_and_implementation_of_a_log_structured_file_system.pdf,
Granularity of Locks and Degrees of Consistency in a Shared Database,Granularity of Locks and Degrees of Consistency in a Shared Data Base,"The problem of choosing the appropriate Hranularit~ (size) of lockable objects is introduced and the tradeoff between concurrency and overhead is discusseS. A locking protocol which allows simultaneous locking at various granularities by different transactions is presented. It is based on the introduction of additional lock modes besides the conventional share mode an5 exclusive mode. A proof is given of the equivalence of this protocol to a conventional one. Next the issue of consistency in a shared environment is analyze~. This discussion is motivated by the realization that some existing data base systems use automatic lock protocols which insure protection only from certain types of inconsistencies (for instance those arising from transaction backup), thereby automatically providing a limited degree of consistency. Four ~ S ~ ~ consistency are introduced. They can be roughly characterized as follows: degree 0 protects others from your updates, degree I additionally provides protection from losing updates, degree 2 additionally provides protection from reading incorrect data iteas, and degree 3 additionally provides protection from reading incorrect relationships among data item",true,transactions,granularity_of_locks_and_degrees_of_consistency_in_a_shared_database.pdf,"PDF renders the title as ""Shared Data Base""; page 1 carries the book citation header"
Principles of Transaction-Oriented Database Recovery,,,false,transactions,,"server returned CalNet login page, not the PDF (Berkeley auth required); download rejected: Berkeley CalNet login page, not a PDF. Only open-access copy is dl.acm.org, which blocks non-browser clients; needs manual retrieval"
Microkernel Operating System Architecture and Mach,,,false,os_classics,,"server returned CalNet login page, not the PDF (Berkeley auth required); download rejected: Berkeley CalNet login page, not a PDF. No public copy of this 1992 Rashid paper was found; needs manual retrieval"
Exokernel: An Operating System Architecture for Application-Level Resource Management,"Exokernel: An Operating System Architecture for Application-Level Resource Management Dawson R. Engler, M. Frans Kaashoek, and James O’Toole Jr","Traditional operating systems limit the performance, flexibility, and functionality of applications by fixing the interface and implementation of operating system abstractions such as interprocess communication and virtual memory. The exokernel operating system architecture addresses this problem by providing application-level management of physical resources. In the exokernel architecture, a small kernel securely exports all hardware resources through a lowlevel interface to untrusted library operating systems. Library operating systems use this interface to implement system objects and policies. This separation of resource protection from management allows application-specific customization of traditional operating system abstractions by extending, specializing, or even replacing libraries. We have implemented a prototype exokernel operating system. Measurements show that most primitive kernel operations (such as exception handling and protected control transfer) are ten to 100 times faster than in Ultrix, a mature monolithic UNIX operating system. In addition, we demonstrate that an exokernel allows applications to control machine resources in ways not possible in traditional op",true,os_classics,exokernel_an_operating_system_architecture_for_application_level_resource_management.pdf,
The Scalable Commutativity Rule: Designing Scalable Software for Multicore Processors,"The Scalable Commutativity Rule: Designing Scalable Software for Multicore Processors Austin T. Clements, M. Frans Kaashoek, Nickolai Zeldovich, Robert T. Morris, and Eddie Kohler†","What fundamental opportunities for scalability are latent in interfaces, such as system call APIs? Can scalability opportunities be identified even before any implementation exists, simply by considering interface specifications? To answer these questions this paper introduces the following rule: Whenever interface operations commute, they can be implemented in a way that scales. This rule aids developers in building more scalable software starting from interface design and carrying on through implementation, testing, and evaluation. To help developers apply the rule, a new tool named COMMUTER accepts high-level interface models and generates tests of operations that commute and hence could scale. Using these tests, COMMUTER can evaluate the scalability of an implementation. We apply COMMUTER to 18 POSIX calls and use the results to guide the implementation of a new research operating system kernel called sv6. Linux scales for 68% of the 13,664 tests generated by COMMUTER for these calls, and COMMUTER finds many problems that have been observed to limit application scalability. sv6 scales for 99% of the tests.",true,os_ii,the_scalable_commutativity_rule_designing_scalable_software_for_multicore_processors.pdf,
The Multikernel: A New OS Architecture for Scalable Multicore Systems,"The Multikernel: A new OS architecture for scalable multicore systems Andrew Baumann∗, Paul Barham†, Pierre-Evariste Dagand‡, Tim Harris†, Rebecca Isaacs†","App Commodity computer systems contain more and more processor cores and exhibit increasingly diverse architectural tradeoffs, including memory hierarchies, interconnects, instruction sets and variants, and IO configurations. Previous high-performance computing systems have scaled in specific cases, but the dynamic nature of modern client and server workloads, coupled with the impossibility of statically optimizing an OS for all workloads and hardware variants pose serious challenges for operating system structures. We argue that the challenge of future multicore hardware is best met by embracing the networked nature of the machine, rethinking OS architecture using ideas from distributed systems. We investigate a new OS structure, the multikernel, that treats the machine as a network of independent cores, assumes no inter-core sharing at the lowest level, and moves traditional OS functionality to a distributed system of processes that communicate via message-passing. We have implemented a multikernel OS to show that the approach is promising, and we describe how traditional scalability problems for operating systems (such as memory management) can be effectively recast using messag",true,os_ii,the_multikernel_a_new_os_architecture_for_scalable_multicore_systems.pdf,
Paxos Made Simple,Paxos Made Simple Leslie Lamport 01 Nov 2001,"The Paxos algorithm, when presented in plain English, is very simple.",true,consensus,paxos_made_simple.pdf,the paper's abstract is a single sentence
Paxos Made Moderately Complex,"Paxos Made Moderately Complex Robbert van Renesse Department of Computer Science, Cornell University","“asynchronous” as used here should not be confused with nonblocking operations on objects that are often called asynchronous as well. For anybody who has ever tried to implement it, Paxos is by no means a simple protocol, even though it is based on relatively simple invariants. This paper provides pseudo-code for the full Paxos (or MultiPaxos) protocol without shying away from discussing various implementation details. The initial description avoids optimizations that complicate comprehension. Next we discuss liveness, and list various optimizations that make the protocol practical.",true,consensus,paxos_made_moderately_complex.pdf,
In Search of an Understandable Consensus Algorithm (Raft),In Search of an Understandable Consensus Algorithm (Extended Version) Diego Ongaro and John Ousterhout Stanford University,"Raft is a consensusalgorithmfor managinga replicated log. It produces a result equivalent to (multi-)Paxos, and it is as efficient as Paxos, but its structure is different from Paxos; this makes Raft more understandable than Paxos and also provides a better foundation for building practical systems. In order to enhance understandability, Raft separates the key elements of consensus, such as leader election, log replication, and safety, and it enforces a stronger degree of coherency to reduce the number of states that must be considered. Results from a user study demonstrate that Raft is easier for students to learn than Paxos. Raft also includes a new mechanism for changing the cluster membership, which uses overlapping majorities to guarantee safety.",true,consensus,in_search_of_an_understandable_consensus_algorithm_raft.pdf,PDF is the Extended Version of the ATC'14 paper
The Google File System,"The Google File System Sanjay Ghemawat, Howard Gobioff, and Shun-Tak Leung Google∗","We have designed and implemented the Google File System, a scalable distributed ﬁle system for large distributed data-intensive applications. It provides fault tolerance while running on inexpensive commodity hardware, and it delivers high aggregate performance to a large number of clients. While sharing many of the same goals as previous distributed ﬁle systems, our design has been driven by observations of our application workloads and technological environment, both current and anticipated, that reﬂect a marked departure from some earlier ﬁle system assumptions. This has led us to reexamine traditional choices and explore radically diﬀerent design points. The ﬁle system has successfully met our storage needs. It is widely deployed within Google as the storage platform for the generation and processing of data used by our service as well as research and development eﬀorts that require large data sets. The largest cluster to date provides hundreds of terabytes of storage across thousands of disks on over a thousand machines, and it is concurrently accessed by hundreds of clients. In this paper, we present ﬁle system interface extensions designed to support distributed applications",true,distributed_storage,the_google_file_system.pdf,
Bigtable: A Distributed Storage System for Structured Data,"Bigtable: A Distributed Storage System for Structured Data Fay Chang, Jeffrey Dean, Sanjay Ghemawat, Wilson C. Hsieh, Deborah A. Wallach","Bigtable is a distributed storage system for managing structured data that is designed to scale to a very large size: petabytes of data across thousands of commodity servers. Many projects at Google store data in Bigtable, including web indexing, Google Earth, and Google Finance. These applications place very different demands on Bigtable, both in terms of data size (from URLs to web pages to satellite imagery) and latency requirements (from backend bulk processing to real-time data serving). Despite these varied demands, Bigtable has successfully provided a flexible, high-performance solution for all of these Google products. In this paper we describe the simple data model provided by Bigtable, which gives clients dynamic control over data layout and format, and we describe the design and implementation of Bigtable.",true,distributed_storage,bigtable_a_distributed_storage_system_for_structured_data.pdf,
Chord: A Scalable Peer-to-peer Lookup Service for Internet Applications,"Chord: A Scalable Peer-to-peer Lookup Service for Internet Applications Ion Stoica, Robert Morris, David Karger, M. Frans Kaashoek, Hari Balakrishnan","A fundamental problem that confronts peer-to-peer applications is to efficiently locate the node that stores a particular data item. This paper presents Chord, a distributed lookup protocol that addresses this problem. Chord provides support for just one operation: given a key, it maps the key onto a node. Data location can be easily implemented on top of Chord by associating a key with each data item, and storing the key/data item pair at the node to which the key maps. Chord adapts efficiently as nodes join and leave the system, and can answer queries even if the system is continuously changing. Results from theoretical analysis, simulations, and experiments show that Chord is scalable, with communication cost and the state maintained by each node scaling logarithmically with the number of Chord nodes.",true,dhts_kv_stores,chord_a_scalable_peer_to_peer_lookup_service_for_internet_applications.pdf,
Dynamo: Amazon's Highly Available Key-value Store,"Dynamo: Amazon’s Highly Available Key-value Store Giuseppe DeCandia, Deniz Hastorun, Madan Jampani, Gunavardhan Kakulapati, Avinash Lakshman, Alex Pilchin, Swaminathan Sivasubramanian, Peter Vosshall","Reliability at massive scale is one of the biggest challenges we face at Amazon.com, one of the largest e-commerce operations in the world; even the slightest outage has significant financial consequences and impacts customer trust. The Amazon.com platform, which provides services for many web sites worldwide, is implemented on top of an infrastructure of tens of thousands of servers and network components located in many datacenters around the world. At this scale, small and large components fail continuously and the way persistent state is managed in the face of these failures drives the reliability and scalability of the software systems. This paper presents the design and implementation of Dynamo, a highly available key-value storage system that some of Amazon’s core services use to provide an “always-on” experience. To achieve this level of availability, Dynamo sacrifices consistency under certain failure scenarios. It makes extensive use of object versioning and application-assisted conflict resolution in a manner that provides a novel interface for developers to use.",true,dhts_kv_stores,dynamo_amazon_s_highly_available_key_value_store.pdf,
Coordination Avoidance in Database Systems,"Coordination Avoidance in Database Systems Peter Bailis, Alan Fekete† , Michael J. Franklin, Ali Ghodsi, Joseph M. Hellerstein, Ion Stoica","Minimizing coordination, or blocking communication between concurrently executing operations, is key to maximizing scalability, availability, and high performance in database systems. However, uninhibited coordination-free execution can compromise application correctness, or consistency. When is coordination necessary for correctness? The classic use of serializable transactions is sufficient to maintain correctness but is not necessary for all applications, sacrificing potential scalability. In this paper, we develop a formal framework, invariant confluence, that determines whether an application requires coordination for correct execution. By operating on application-level invariants over database states (e.g., integrity constraints), invariant confluence analysis provides a necessary and sufficient condition for safe, coordination-free execution. When programmers specify their application invariants, this analysis allows databases to coordinate only when anomalies that might violate invariants are possible. We analyze the invariant confluence of common invariants and operations from real-world database systems (i.e., integrity constraints) and applications and show that many are",true,distributed_coordination,coordination_avoidance_in_database_systems.pdf,
CRDTs: Consistency without Concurrency Control,"for the deposit and dissemination of scientific re- search documents, whether they arepublished or not. Thedocumentsmaycomefromteachingandresearch","A CRDT is a data type whose operations commute when they are concurrent. Replicas of a CRDT eventually converge without any complex concurrency control. As an existence proof, we exhibit a non-trivial CRDT: a shared edit buffer called Treedoc. We outline the design, implementation and performance of Treedoc. We discuss how the CRDT concept can be generalised, and its limitations.",true,distributed_coordination,crdts_consistency_without_concurrency_control.pdf,
Formal Requirements for Virtualizable Third Generation Architectures,,"1. Virtual Machine Concepts There are currently a number of viewpoints suggesting what a virtual machine is, how it ought to be constructed, and what hardware and operating system implications result [1, 6, 7, 9, 12]. This pap¢r examines computer architectures of third-generation-like machines and demonstrates a simple condition which may be tested to determine whether an architecture can support a virtual machine. This condition may also be employed in machine design. In the following, we specify intuitively what is meant by the above, then develop a more exact model of third-generation-like machines, and finally state and prove a sufficient condition for such a system to be virtualizable. A virtual machine is taken to be an efficient, isolated duplicate of the real machine. We explain these notions through the idea of a virtual machine monitor (V~M). See Figure 1. As a piece of software a VMM has three essential characteristics. First, the VMM provides an environment for programs which is essentially identical with the original machine; second, programs run in this environment show at worst only minor decreases in speed; and last, the VMM is in complete control of system resource",not sure,virtualization,formal_requirements_for_virtualizable_third_generation_architectures.pdf,"PDF is the paper body only - the scan is missing the title page, so no title could be extracted; the page-2 opening text matches this paper's argument"
Disco: Running Commodity Operating Systems on Scalable Multiprocessors,In this paper we examine the problem of extending modern operating systems to run efficiently on large-scale shared memory multiprocessors without a large implementation ef,"In this paper we examine the problem of extending modern operating systems to run efficiently on large-scale shared memory multiprocessors without a large implementation effort. Our approach brings back an idea popular in the 1970s, virtual machine monitors. We use virtual machines to run multiple commodity operating systems on a scalable multiprocessor. This solution addresses many of the challenges facing the system software for these machines. We demonstrate our approach with a prototype called Disco that can run multiple copies of Silicon Graphics’ IRIX operating system on a multiprocessor. Our experience shows that the overheads of the monitor are small and that the approach provides scalability as well as the ability to deal with the non-uniform memory access time of these systems. To reduce the memory overheads associated with running multiple operating systems, we have developed techniques where the virtual machines transparently share major data structures such as the program code and the file system buffer cache. We use the distributed system support of modern operating systems to export a partial single system image to the users. The overall solution achieves most of the",true,virtualization,disco_running_commodity_operating_systems_on_scalable_multiprocessors.pdf,
Xen and the Art of Virtualization,"Xen and the Art of Virtualization Paul Barham∗ , Boris Dragovic, Keir Fraser, Steven Hand, Tim Harris, Alex Ho, Rolf Neugebauer† , Ian Pratt, Andrew Warfield","Numerous systems have been designed which use virtualization to subdivide the ample resources of a modern computer. Some require specialized hardware, or cannot support commodity operating systems. Some target 100% binary compatibility at the expense of performance. Others sacrifice security or functionality for speed. Few offer resource isolation or performance guarantees; most provide only best-effort provisioning, risking denial of service. This paper presents Xen, an x86 virtual machine monitor which allowsmultiplecommodityoperatingsystemstoshareconventional hardware in a safe and resource managed fashion, but without sacrificing either performance or functionality. This is achieved by providing an idealized virtual machine abstraction to which operating systems such as Linux, BSD and Windows XP, can be ported with minimal effort. Our design is targeted at hosting up to 100 virtual machine instances simultaneously on a modern server. The virtualization approach taken by Xen is extremely efficient: we allow operating systems such as Linux and Windows XP to be hosted simultaneously for a negligible performance overhead — at most a few percent compared with the unvirtualized case.",true,virtualization,xen_and_the_art_of_virtualization.pdf,
Mesos: A Platform for Fine-Grained Resource Sharing in the Data Center,"Mesos: A Platform for Fine-Grained Resource Sharing in the Data Center Benjamin Hindman, Andy Konwinski, Matei Zaharia, Ali Ghodsi, Anthony D. Joseph, Randy Katz, Scott Shenker, Ion Stoica","We present Mesos, a platform for sharing commodity clusters between multiple diverse cluster computing frameworks, such as Hadoop and MPI. Sharing improves cluster utilization and avoids per-framework data replication. Mesos shares resources in a fine-grained manner, allowing frameworks to achieve data locality by taking turns reading data stored on each machine. To support the sophisticated schedulers of today’s frameworks, Mesos introduces a distributed two-level scheduling mechanism called resource offers. Mesos decides how many resources to offer each framework, while frameworks decide which resources to accept and which computations to run on them. Our results show that Mesos can achieve near-optimal data locality when sharing the cluster among diverse frameworks, can scale to 50,000 (emulated) nodes, and is resilient to failures.",true,cluster_mgmt,mesos_a_platform_for_fine_grained_resource_sharing_in_the_data_center.pdf,
Large-scale Cluster Management at Google with Borg,Large-scale cluster management at Google with Borg Abhishek Verma† Luis Pedrosa‡ Madhukar Korupolu David Oppenheimer Eric Tune John Wilkes,"Google’s Borg system is a cluster manager that runs hundreds of thousands of jobs, from many thousands of different applications, across a number of clusters each with up to tens of thousands of machines. It achieves high utilization by combining admission control, efficient task-packing, over-commitment, and machine sharing with process-level performance isolation. It supports high-availability applications with runtime features that minimize fault-recovery time, and scheduling policies that reduce the probability of correlated failures. Borg simplifies life for its users by offering a declarative job specification language, name service integration, real-time job monitoring, and tools to analyze and simulate system behavior. We present a summary of the Borg system architecture and features, important design decisions, a quantitative analysis of some of its policy decisions, and a qualitative examination of lessons learned from a decade of operational experience with it.",true,cluster_mgmt,large_scale_cluster_management_at_google_with_borg.pdf,
"Borg, Omega, and Kubernetes","Borg, Omega, and Kubernetes","Lessons learned from three container-management systems over a decade. Though widespread interest in software containers is a relatively recent phenomenon, at Google we have been managing Linux containers at scale for more than ten years and built three different container-management systems in that time. Each system was heavily influenced by its predecessors, even though they were developed for different reasons. This article describes the lessons we have learned from developing and operating them.",true,cluster_mgmt,borg_omega_and_kubernetes.pdf,"ACM Queue typesetting of the CACM 2016 article (24 pages); the article has no formal abstract, so the deck plus opening paragraph is quoted here"
Lottery Scheduling: Flexible Proportional-Share Resource Management,Lottery Scheduling: Flexible Proportional-Share Resource Management Carl A. Waldspurger  William E. Weihl  MIT Laboratory for Computer Science,"This paper presents lottery scheduling, a novel randomized resource allocation mechanism. Lottery scheduling provides efficient, responsive control over the relative execution rates of computations. Such control is beyond the capabilities of conventional schedulers, and is desirable in systems that service requests of varying importance, such as databases, media-based applications, and networks. Lottery scheduling also supports modular resource management by enabling concurrent modules to insulate their resource allocation policies from one another. A currency abstraction is introduced to flexibly name, share, and protect resource rights. We also show that lottery scheduling can be generalized to manage many diverse resources, such as I/O bandwidth, memory, and access to locks. We have implemented a prototype lottery scheduler for the Mach 3.0 microkernel, and found that it provides flexible and responsive control over the relative execution rates of a wide range of applications. The overhead imposed by our unoptimized prototype is comparable to that of the standard Mach timesharing policy.",true,scheduling,lottery_scheduling_flexible_proportional_share_resource_management.pdf,
CFS Scheduler Design (Linux kernel documentation),CFS Scheduler — The Linux Kernel documentation,"CFS stands for “Completely Fair Scheduler,” and is the “desktop” process scheduler implemented by Ingo Molnar and merged in Linux 2.6.23. When originally merged, it was the replacement for the previous vanilla scheduler’s SCHED_OTHER interactivity code. Nowadays, CFS is making room for EEVDF, for which documentation can be found in EEVDF Scheduler . 80% of CFS’s design can be summed up in a single sentence: CFS basically models an “ideal, precise multi-tasking CPU” on real hardware. “Ideal multi-tasking CPU” is a (non-existent :-)) CPU that has 100% physical power and which can run each task at precise equal speed, in parallel, each at 1/nr_running speed. For example: if there are 2 tasks running, then it runs each at 50% physical power --- i.e., actually in parallel. On real hardware, we can run only a single task at once, so we have to introduce the concept of “virtual runtime.” The virtual runtime of a task specifies when its next timeslice would start execution on the ideal multi-tasking CPU described above. In practice, the virtual runtime of a task is its actual runtime normalized to the total number of running tasks. 2. FEW IMPLEMENTATION DETAILS ¶ In CFS the virtual runtime",not sure,scheduling,,"HTML document (kernel.org doc, no PDF exists); linked directly to the upstream kernel.org page rather than hosting a local copy"
Dominant Resource Fairness: Fair Allocation of Multiple Resource Types,"Dominant Resource Fairness: Fair Allocation of Multiple Resource Types Ali Ghodsi, Matei Zaharia, Benjamin Hindman, Andy Konwinski, Scott Shenker, Ion Stoica","We consider the problem of fair resource allocation in a system containing different resource types, where each user may have different demands for each resource. To address this problem, we propose Dominant Resource Fairness (DRF), a generalization of max-min fairness to multiple resource types. We show that DRF, unlike other possible policies, satisfies several highly desirable properties. First, DRF incentivizes users to share resources, by ensuring that no user is better off if resources are equally partitioned among them. Second, DRF is strategy-proof, as a user cannot increase her allocation by lying about her requirements. Third, DRF is envyfree, as no user would want to trade her allocation with that of another user. Finally, DRF allocations are Pareto efficient, as it is not possible to improve the allocation of a user without decreasing the allocation of another user. WehaveimplementedDRFintheMesosclusterresource manager, and show that it leads to better throughput and fairness than the slot-based fair sharing schemes in current cluster schedulers.",true,scheduling,dominant_resource_fairness_fair_allocation_of_multiple_resource_types.pdf,
Web Search for a Planet: The Google Cluster Architecture,"WEB SEARCH FOR A PLANET: THE GOOGLE CLUSTER ARCHITECTURE AMENABLE TO EXTENSIVE PARALLELIZATION, GOOGLE’S WEB SEARCH APPLICATION LETS DIFFERENT QUERIES RUN ON DIFFERENT PROCESSORS AND","Few Web services require as much computation per request as search engines. On average, a single query on Google reads hundredsofmegabytesofdataandconsumes tens of billions of CPU cycles. Supporting a peak request stream of thousands of queries per second requires an infrastructure comparable in size to that of the largest supercomputer installations. Combining more than 15,000 commodity-class PCs with fault-tolerant software creates a solution that is more cost-effective than a comparable system built out of a smaller number of high-end servers. Here we present the architecture of the Googlecluster,anddiscussthemostimportant factors that influence its design: energy efficiency and price-performance ratio. Energy efficiency is key at our scale of operation, as powerconsumptionandcoolingissuesbecome significant operational factors, taxing the limits of available data center power densities. Ourapplicationaffordseasyparallelization: Differentqueriescanrunondifferentprocessors, and the overall index is partitioned so that a single query can use multiple processors. Consequently, peak processor performance is less important than its price/ performance. As such, Google is an example of ",true,datacenter_applications,web_search_for_a_planet_the_google_cluster_architecture.pdf,
The Tail at Scale,The Tail at Scale,"Systems that respond to user actions quickly (within 100ms) feel more fluid and natural to users than those that take longer.3 Improvements in Internet connectivity and the rise of warehouse-scale computing systems2 have enabled Web services that provide fluid responsiveness while consulting multi-terabyte datasets spanning thousands of servers; for example, the Google search system updates query results interactively as the user types, predicting the most likely query based on the prefix typed so far, performing the search and showing the results within a few tens of milliseconds. Emerging augmented-reality devices (such as the Google Glass prototype7) will need associated Web services with even greater responsiveness in order to guarantee seamless interactivity. It is challenging for service providers to keep the tail of latency distribution short for interactive services as the size and complexity of the system scales up or 74",true,datacenter_applications,the_tail_at_scale.pdf,"CACM layout puts a ""contributed articles"" banner before the title"
Attack of the Killer Microseconds,Attack of the Killer Microseconds,"T H E COM PU TER S YS T E MS we use today make it easy for programmers to mitigate event latencies in the nanosecond and millisecond time scales (such as DRAM accesses at tens or hundreds of nanoseconds and disk I/Os at a few milliseconds) but significantly lack support for microsecond (µs)-scale events. This oversight is quickly becoming a serious problem for programming warehouse-scale computers, where efficient handling of microsecond-scale events is becoming paramount for a new breed of low-latency I/O devices ranging from datacenter networking to emerging memories (see the first sidebar “Is the Microsecond Getting Enough Respect?”). Processor designers have developed multiple techniques to facilitate a deep memory hierarchy that works at the nanosecond scale by providing a simple synchronous programming interface to the memory system. A load operation will logically",true,datacenter_applications,attack_of_the_killer_microseconds.pdf,"CACM layout puts a ""contributed articles"" banner before the title"
MapReduce: Simplified Data Processing on Large Clusters,"MapReduce: Simplified Data Processing on Large Clusters Jeffrey Dean and Sanjay Ghemawat jeff@google.com, sanjay@google.com Google, Inc","MapReduce is a programming model and an associated implementation for processing and generating large data sets. Users specify a map function that processes a key/value pair to generate a set of intermediate key/value pairs, and a reduce function that merges all intermediate values associated with the same intermediate key. Many real world tasks are expressible in this model, as shown in the paper. Programs written in this functional style are automatically parallelized and executed on a large cluster of commodity machines. The run-time system takes care of the details of partitioning the input data, scheduling the program’s execution across a set of machines, handling machine failures, and managing the required inter-machine communication. This allows programmers without any experience with parallel and distributed systems to easily utilize the resources of a large distributed system. Our implementation of MapReduce runs on a large cluster of commodity machines and is highly scalable: a typical MapReduce computation processes many terabytes of data on thousands of machines. Programmers find the system easy to use: hundreds of MapReduce programs have been implemented and upwards of",true,distributed_data_processing,mapreduce_simplified_data_processing_on_large_clusters.pdf,
Spark: Cluster Computing with Working Sets,"Spark: Cluster Computing with Working Sets Matei Zaharia, Mosharaf Chowdhury, Michael J. Franklin, Scott Shenker, Ion Stoica University of California, Berkeley","MapReduce and its variants have been highly successful in implementing large-scale data-intensive applications on commodity clusters. However, most of these systems are built around an acyclic data flow model that is not suitable for other popular applications. This paper focuses on one such class of applications: those that reuse a working set of data across multiple parallel operations. This includes many iterative machine learning algorithms, as well as interactive data analysis tools. We propose a new framework called Spark that supports these applications while retaining the scalability and fault tolerance of MapReduce. To achieve these goals, Spark introduces an abstraction called resilient distributed datasets (RDDs). An RDD is a read-only collection of objects partitioned across a set of machines that can be rebuilt if a partition is lost. Spark can outperform Hadoop by 10x in iterative machine learning jobs, and can be used to interactively query a 39 GB dataset with sub-second response time.",true,distributed_data_processing,spark_cluster_computing_with_working_sets.pdf,
Firecracker: Lightweight Virtualization for Serverless Applications,"Firecracker: Lightweight Virtualization for Serverless Applications Alexandru Agache, Marc Brooker, Andreea Florescu, Alexandra Iordache","Serverless containers and functions are widely used for deploying and managing software in the cloud. Their popularity is due to reduced cost of operations, improved utilization of hardware, and faster scaling than traditional deployment methods. The economics and scale of serverless applications demand that workloads from multiple customers run on the same hardware with minimal overhead, while preserving strong security and performance isolation. The traditional view is that there is a choice between virtualization with strong security and high overhead, and container technologies with weaker security and minimal overhead. This tradeoff is unacceptable to public infrastructure providers, who need both strong security and minimal overhead. To meet this need, we developed Firecracker, a new open source Virtual Machine Monitor (VMM) specialized for serverless workloads, but generally useful for containers, functions and other compute workloads within a reasonable set of constraints. We have deployed Firecracker in two publically-available serverless compute services at Amazon Web Services (Lambda and Fargate), where it supports millions of production workloads, and trillions of reque",true,serverless,firecracker_lightweight_virtualization_for_serverless_applications.pdf,
Unifying Serverless and Microservice Workloads with SigmaOS,"Unifying serverless and microservice tasks with SigmaOS Ariel Szekely, Adam Belay, Robert Morris, and M. Frans Kaashoek MIT CSAIL","Many cloud applications use both serverless functions, for bursts of stateless parallel computation, and container orchestration, for long-running microservices and tasks that need to interact. Ideally a single platform would offer the union of these systems’ capabilities, but neither is sufficient to act as that single platform: serverless functions are lightweight but cannot act as servers with long-term state, while container orchestration offers general-purpose computation but instance start-up takes too long to support burst parallelism. σOS is a new multi-tenant cloud operating system that combines the best of container orchestration and serverless in one platform with one API. σOS computations, called procs, can be long-running, stateful, and interact with each other, making them a good match for both serverless and microservice tasks. A key aspect of the σOS design is its cloud-centric API, which provides flexible management of computation, a novel abstraction for communication endpoints, σEPs— which allow procs of a tenant to communicate efficiently but prohibits procs from sending packets to other tenants—and a flexible naming system to name, for example, σEPs. Quick proc",true,serverless,unifying_serverless_and_microservice_workloads_with_sigmaos.pdf,"PDF title reads ""tasks"" where the proceedings listing reads ""workloads"" - same paper"
"LegoOS: A Disseminated, Distributed OS for Hardware Resource Disaggregation","LegoOS: A Disseminated, Distributed OS for Hardware Resource Disaggregation Yizhou Shan, Yutong Huang, Yilun Chen, and Yiying Zhang, Purdue University","The monolithic server model where a server is the unit of deployment, operation, and failure is meeting its limits in the face of several recent hardware and application trends. To improve resource utilization, elasticity, heterogeneity, and failure handling in datacenters, we believe that datacenters should break monolithic servers into disaggregated, network-attached hardware components. Despite the promising benefits of hardware resource disaggregation, no existing OSes or software systems can properly manage it. We propose a new OS model called the splitkernel to manage disaggregated systems. Splitkernel disseminates traditional OS functionalities into loosely-coupled monitors, each of which runs on and manages a hardware component. A splitkernel also performs resource allocation and failure handling of a distributed set of hardware components. Using the splitkernel model, we built LegoOS, a new OS designed for hardware resource disaggregation. LegoOS appears to users as a set of distributed servers. Internally, a user application can span multiple processor, memory, and storage hardware components. We implemented LegoOS on x86-64 and evaluated it by emulating hardware componen",true,disaggregated_cxl,legoos_a_disseminated_distributed_os_for_hardware_resource_disaggregation.pdf,
Tigon: A Distributed Database for a CXL Pod,"Tigon: A Distributed Database for a CXL Pod Yibo Huang, Haowei Chen, and Newton Ni, The University of Texas at Austin; Yan Sun, University of Illinois Urbana–Champaign; Vijay Chidambaram","Building efficient distributed transactional databases remains a challenging problem despite decades of research. Existing distributed databases synchronize cross-host concurrent data accesses over a network, which requires numerous message exchanges and introduces performance overhead. We describe Tigon, the first distributed in-memory database that synchronizes concurrent cross-host data accesses using atomic operations on CXL memory. Using CXL memory is more efficient than network-based approaches, but Tigon’s design must address CXL’s higher latency and lower bandwidth relative to local DRAM, as well as CXL’s limited hardware support for cross-host cache coherence. For TPC-C and a variant of YCSB, Tigon achieves up to 2.5× higher throughput compared with two optimized shared-nothing databases that use CXL memory as a transport and up to 18.5× higher throughput compared with an RDMA-based distributed database.",true,disaggregated_cxl,tigon_a_distributed_database_for_a_cxl_pod.pdf,
Capability Myths Demolished,"Capability Myths Demolished Mark S. Miller Combex, Inc. markm@caplet.com Ka-Ping Yee University of California, Berkeley ping@zesty.ca","We address three common misconceptions about capability-based systems: the Equivalence Myth (access control list systems and capability systems are formally equivalent), the Confinement Myth (capability systems cannot enforce confinement), and the Irrevocability Myth (capability-based access cannot be revoked). The Equivalence Myth obscures the benefits of capabilities as compared to access control lists, while the Confinement Myth and the Irrevocability Myth lead people to see problems with capabilities that do not actually exist. The prevalence of these myths is due to differing interpretations of the capability security model. To clear up the confusion, we examine three different models that have been used to describe capabilities, and define a set of seven security properties that capture the distinctions among them. Our analysis in terms of these properties shows that pure capability systems have significant advantages over access control list systems: capabilities provide much better support for least-privilege operation and for avoiding confused deputy problems.",true,security_privacy,capability_myths_demolished.pdf,
Private Web Search with Tiptoe,Private Web Search with Tiptoe Alexandra Henzinger Emma Dauterman,"Tiptoe is a private web search engine that allows clients to search over hundreds of millions of documents, while revealing no information about their search query to the search engine’s servers. Tiptoe’s privacy guarantee is based on cryptography alone; it does not require hardware enclaves or non-colluding servers. Tiptoe uses semantic embeddings to reduce the problem of private full-text search to private nearest-neighbor search. Then, Tiptoe implements private nearest-neighbor search with a new, high-throughput protocol based on linearly homomorphic encryption. Running on a 45-server cluster, Tiptoe can privately search over 360 million web pages with 145 core-seconds of server compute, 56.9 MiB of client-server communication (74% of which occurs before the client enters its search query), and 2.7 seconds of end-toend latency. Tiptoe’s search works best on conceptual queries (“knee pain”) and less well on exact string matches (“123 Main Street, New York”). On the MS MARCO search-quality benchmark, Tiptoe ranks the best-matching result in position 7.7 on average. This is worse than a state-of-the-art, nonprivate neural search algorithm (average rank: 2.3), but is close to the cl",true,security_privacy,private_web_search_with_tiptoe.pdf,
Intel SGX Explained,"Intel SGX Explained Victor Costan and Srinivas Devadas victor@costan.us, devadas@mit.edu Computer Science and Artificial Intelligence Laboratory","Data Owner’s Computer Intel’s Software Guard Extensions (SGX) is a set of extensions to the Intel architecture that aims to provide integrity and confidentiality guarantees to securitysensitive computation performed on a computer where all the privileged software (kernel, hypervisor, etc) is potentially malicious. This paper analyzes Intel SGX, based on the 3 papers [14, 79, 139] that introduced it, on the Intel Software Developer’s Manual [101] (which supersedes the SGX manuals [95, 99]), on an ISCA 2015 tutorial [103], and on two patents [110, 138]. We use the papers, reference manuals, and tutorial as primary data sources, and only draw on the patents to fill in missing information. This paper does not reflect the information available in two papers [74, 109] that were published after the first version of this paper. This paper’s contributions are a summary of the Intel-specific architectural and micro-architectural details needed to understand SGX, a detailed and structured presentation of the publicly available information on SGX, a series of intelligent guesses about some important but undocumented aspects of SGX, and an analysis of SGX’s security properties.",true,security_privacy,intel_sgx_explained.pdf,
seL4: Formal Verification of an OS Kernel,"seL4: Formal Verification of an OS Kernel Gerwin Klein1,2 , Kevin Elphinstone1,2 , Gernot Heiser1,2,3","Complete formal verification is the only known way to guarantee that a system is free of programming errors. We present our experience in performing the formal, machine-checked verification of the seL4 microkernel from an abstract specification down to its C implementation. We assume correctness of compiler, assembly code, and hardware, and we used a unique design approach that fuses formal and operating systems techniques. To our knowledge, this is the first formal proof of functional correctness of a complete, general-purpose operating-system kernel. Functional correctness means here that the implementation always strictly follows our high-level abstract specification of kernel behaviour. This encompasses traditional design and implementation safety properties such as the kernel will never crash, and it will never perform an unsafe operation. It also proves much more: we can predict precisely how the kernel will behave in every possible situation. seL4, a third-generation microkernel of L4 provenance, comprises 8,700 lines of C code and 600 lines of assembler. Its performance is comparable to other high-performance L4 kernels.",true,verification,sel4_formal_verification_of_an_os_kernel.pdf,
Using Crash Hoare Logic for Certifying the FSCQ File System,"Using Crash Hoare Logic for Certifying the FSCQ File System Haogang Chen, Daniel Ziegler, Tej Chajed, Adam Chlipala, M. Frans Kaashoek, and Nickolai Zeldovich","Proving that a file system is crash-safe is important, because it is otherwise hard for the file-system developer to ensure that the code correctly handles all possible points where a crash could occur, both while a file-system call is running and during the execution of recovery code. Often, a system may work correctly in many cases, but if a crash happens at a particular point between two specific disk writes, then a problem arises [55, 70]. Current approaches to building crash-safe file systems fall roughly into three categories (see §2 for more details): testing, program analysis, and model checking. Although they are effective at finding bugs in practice, none of them can guarantee the absence of crash-safety bugs in actual implementations. This paper focuses precisely on this issue: helping developers build file systems with machine-checkable proofs that they correctly recover from crashes at any point. Researchers have used theorem provers for certifying realworld systems such as compilers [45], small kernels [43], kernel extensions [61], and simple remote servers [30], but none of these systems are capable of reasoning about file-system crashes. Reasoning about crash-free e",true,verification,using_crash_hoare_logic_for_certifying_the_fscq_file_system.pdf,
Push-Button Verification of File Systems via Crash Refinement (Yggdrasil),"Push-Button Verification of File Systems via Crash Refinement Helgi Sigurbjarnarson, James Bornholt, Emina Torlak, and Xi Wang, University of Washington","The file system is an essential operating system component for persisting data on storage devices. Writing bug-free file systems is non-trivial, as they must correctly implement and maintain complex on-disk data structures even in the presence of system crashes and reorderings of disk operations. This paper presents Yggdrasil, a toolkit for writing file systems with push-button verification: Yggdrasil requires no manual annotations or proofs about the implementation code, and it produces a counterexample if there is a bug. Yggdrasil achieves this automation through a novel definition of file system correctness called crash refinement, which requires the set of possible disk states produced by an implementation (including states produced by crashes) to be a subset of those allowed by the specification. Crash refinement is amenable to fully automated satisfiability modulo theories (SMT) reasoning, and enables developers to implement file systems in a modular way for verification. With Yggdrasil, we have implemented and verified the Yxv6 journaling file system, the Ycp file copy utility, and the Ylog persistent log. Our experience shows that the ease of proof and counterexample-based ",true,verification,push_button_verification_of_file_systems_via_crash_refinement_yggdrasil.pdf,
Hyperkernel: Push-Button Verification of an OS Kernel,"Hyperkernel: Push-Button Verification of an OS Kernel Luke Nelson, Helgi Sigurbjarnarson, Kaiyuan Zhang, Dylan Johnson, James Bornholt, Emina Torlak, and Xi Wang","This paper describes an approach to designing, implementing, and formally verifying the functional correctness of an OS kernel, named Hyperkernel, with a high degree of proof automation and low proof burden. We base the design of Hyperkernel’s interface on xv6, a Unix-like teaching operating system. Hyperkernel introduces three key ideas to achieve proof automation: it finitizes the kernel interface to avoid unbounded loops or recursion; it separates kernel and user address spaces to simplify reasoning about virtual memory; and it performs verification at the LLVM intermediate representation level to avoid modeling complicated C semantics. We have verified the implementation of Hyperkernel with the Z3 SMT solver, checking a total of 50 system calls and other trap handlers. Experience shows that Hyperkernel can avoid bugs similar to those found in xv6, and that the verification of Hyperkernel can be achieved with a low proof burden.",true,verification,hyperkernel_push_button_verification_of_an_os_kernel.pdf,
Ray: A Distributed Framework for Emerging AI Applications,"Ray: A Distributed Framework for Emerging AI Applications Philipp Moritz∗ , Robert Nishihara∗ , Stephanie Wang, Alexey Tumanov, Richard Liaw","The next generation of AI applications will continuously interact with the environment and learn from these interactions. These applications impose new and demanding systems requirements, both in terms of performance and flexibility. In this paper, we consider these requirements and present Ray—a distributed system to address them. Ray implements a unified interface that can express both task-parallel and actor-based computations, supported by a single dynamic execution engine. To meet the performance requirements, Ray employs a distributed scheduler and a distributed and fault-tolerant store to manage the system’s control state. In our experiments, we demonstrate scaling beyond 1.8 million tasks per second and better performance than existing specialized systems for several challenging reinforcement learning applications.",true,parallel_programming,ray_a_distributed_framework_for_emerging_ai_applications.pdf,
"Halide: A Language and Compiler for Optimizing Parallelism, Locality, and Recomputation in Image Processing Pipelines","Halide: A Language and Compiler for Optimizing Parallelism, Locality, and Recomputation in Image Processing Pipelines Jonathan Ragan-Kelley","Image processing pipelines combine the challenges of stencil computations and stream programs. They are composed of large graphs of different stencil stages, as well as complex reductions, and stages with global or data-dependent access patterns. Because of their complex structure, the performance difference between a naive implementation of a pipeline and an optimized one is often an order of magnitude. Efficient implementations require optimization of both parallelism and locality, but due to the nature of stencils, there is a fundamental tension between parallelism, locality, and introducing redundant recomputation of shared values. We present a systematic model of the tradeoff space fundamental to stencil pipelines, a schedule representation which describes concrete points in this space for each stage in an image processing pipeline, and an optimizing compiler for the Halide image processing language that synthesizes high performance implementations from a Halide algorithm and a schedule. Combining this compiler with stochastic search over the space of schedules enables terse, composable programs to achieve state-of-the-art performance on a wide range of real image processing p",true,parallel_programming,halide_a_language_and_compiler_for_optimizing_parallelism_locality_and_recomputation_in_im.pdf,
TensorFlow: A System for Large-Scale Machine Learning,"TensorFlow: A System for Large-Scale Machine Learning Martín Abadi, Paul Barham, Jianmin Chen, Zhifeng Chen, Andy Davis, Jeffrey Dean","TensorFlow is a machine learning system that operates at large scale and in heterogeneous environments. TensorFlow uses dataflow graphs to represent computation, shared state, and the operations that mutate that state. It maps the nodes of a dataflow graph across many machines in a cluster, and within a machine across multiple computational devices, including multicore CPUs, generalpurpose GPUs, and custom-designed ASICs known as Tensor Processing Units (TPUs). This architecture gives flexibility to the application developer: whereas in previous “parameter server” designs the management of shared state is built into the system, TensorFlow enables developers to experiment with novel optimizations and training algorithms. TensorFlow supports a variety of applications, with a focus on training and inference on deep neural networks. Several Google services use TensorFlow in production, we have released it as an open-source project, and it has become widely used for machine learning research. In this paper, we describe the TensorFlow dataflow model and demonstrate the compelling performance that TensorFlow achieves for several real-world applications.",true,ml_programming_frameworks,tensorflow_a_system_for_large_scale_machine_learning.pdf,
"PyTorch: An Imperative Style, High-Performance Deep Learning Library","PyTorch: An Imperative Style, High-Performance Deep Learning Library Adam Paszke University of Warsaw adam.paszke@gmail.com Sam Gross","Deep learning frameworks have often focused on either usability or speed, but not both. PyTorch is a machine learning library that shows that these two goals are in fact compatible: it provides an imperative and Pythonic programming style that supports code as a model, makes debugging easy and is consistent with other popular scientific computing libraries, while remaining efficient and supporting hardware accelerators such as GPUs. In this paper, we detail the principles that drove the implementation of PyTorch and how they are reflected in its architecture. We emphasize that every aspect of PyTorch is a regular Python program under the full control of its user. We also explain how the careful and pragmatic implementation of the key components of its runtime enables them to work together to achieve compelling performance. We demonstrate the efficiency of individual subsystems, as well as the overall speed of PyTorch on several common benchmarks. 33rd Conference on Neural Information Processing Systems (NeurIPS 2019), Vancouver, Canada.",true,ml_programming_frameworks,pytorch_an_imperative_style_high_performance_deep_learning_library.pdf,
Efficient Memory Management for Large Language Model Serving with PagedAttention (vLLM),"Efficient Memory Management for Large Language Model Serving with PagedAttention Woosuk Kwon1,∗ Zhuohan Li1,∗ Siyuan Zhuang1 Ying Sheng1,2 Lianmin Zheng1 Cody Hao Yu3","High throughput serving of large language models (LLMs) requires batching sufficiently many requests at a time. However, existing systems struggle because the key-value cache (KV cache) memory for each request is huge and grows and shrinks dynamically. When managed inefficiently, this memory can be significantly wasted by fragmentation and redundant duplication, limiting the batch size. To address this problem, we propose PagedAttention, an attention algorithm inspired by the classical virtual memory and paging techniques in operating systems. On top of it, we build vLLM, an LLM serving system that achieves (1) near-zero waste in KV cache memory and (2) flexible sharing of KV cache within and across requests to further reduce memory usage. Our evaluations show that vLLM improves the throughput of popular LLMs by 2-4× with the same level of latency compared to the state-of-the-art systems, such as FasterTransformer and Orca. The improvement is more pronounced with longer sequences, larger models, and more complexdecodingalgorithms.vLLM’ssourcecodeispublicly available at https://github.com/vllm-project/vllm.",true,inference_i,efficient_memory_management_for_large_language_model_serving_with_pagedattention_vllm.pdf,"our name appends ""(vLLM)""; PDF title omits it"
NanoFlow: Towards Optimal Large Language Model Serving Throughput,NanoFlow: Towards Optimal Large Language Model Serving Throughput Kan Zhu University of Washington Yufei Gao University of Washington,"Large Language Models (LLMs) have resulted in a surging demand for planet-scale serving systems, where tens of thousands of GPUs continuously serve hundreds of millions of users. Consequently, throughput has emerged as a key metric that determines serving systems’ performance. Due to large model sizes and memory-intensive self-attention, LLM serving has been commonly assumed to be memory-bound. Through a detailed analysis, we show that despite having memory-intensive components, end-to-end LLM serving is compute bound for most common workloads and LLMs. Alas, most existing serving engines fall short from optimal compute utilization, because the heterogeneous operations that comprise LLM serving—compute, memory, networking—are executed sequentially within a device. We propose NanoFlow, a novel serving framework that exploits intra-device parallelism, which overlaps the usage of heterogeneous resources within a single device. NanoFlow splits inputs into smaller nano-batches and duplicates operations to operate on each portion independently, enabling overlapping. NanoFlow automatically identifies the number, size, ordering, and GPU resource allocation of nano-batches to minimize the e",true,inference_i,nanoflow_towards_optimal_large_language_model_serving_throughput.pdf,
StreamDiffusion: A Pipeline-level Solution for Real-Time Interactive Generation,"StreamDiffusion: A Pipeline-level Solution for Real-time Interactive Generation Akio Kodaira1∗ Chenfeng Xu1,∗ Toshiki Hazama1,∗ Takanori Yoshimoto2 Kohei Ohno3","We introduce StreamDiffusion, a real-time diffusion pipeline designed for streaming image generation. Existing diffusion models are adept at creating images from text or image prompts, yet they often fall short in real-time interaction. This limitation becomes particularly evident in scenarios involving continuous input, such as augmented/virtual reality, ∗ denotes equal contribution This work was done when Toshiki was a remote intern at UC Berkeley video game graphics rendering, live video streaming, and broadcasting, wherehighthroughputisimperative. StreamDiffusion tackles this challenge through a novel pipeline-level system design. It employs unique strategies like batching the denoising process (Stream Batch), residual classifierfree guidance (R-CFG), and stochastic similarity filtering (SSF). Additionally, it seamlessly integrates advanced acceleration technologies for maximum efficiency. Specifically, Stream Batch reformulates the denoising process by eliminating the traditional wait-and-execute approach and utilizing 1 arXiv:2312.12491v2 [cs.CV] 8 Jul 2025 a batching denoising approach, facilitating fluid and highthroughput streams. This results in 1.5x higher throughput com",true,inference_ii_multi_modal_mot,streamdiffusion_a_pipeline_level_solution_for_real_time_interactive_generation.pdf,
"M*: A Modular, Extensible, Serving System for Multimodal Models","M*: A Modular, Extensible, Serving System for Multimodal Models Atindra Jha1,∗ Naomi Sagan1,∗ Keisuke Kamahori2,† Irmak Sivgin1,† Rohan Sanda1 Steven Gao2 Mark Horowitz1 Luke Zettlemoyer2","We are entering a new era of composite model architectures that integrate diverse components such as vision encoders, language backbones, diffusion and flow heads, audio codecs, action generators, and world-model predictors. Such architectures underpin a broad class of multimodal models, including unified multimodal models, omni models, speech-language models, vision-language-action policies, and world models. However, existing model serving frameworks were built on narrow assumptions about model structure, making them ill-suited to accommodate this new architectural diversity. Here we present M*, a universal serving system for efficient serving of composite AI models. M* represents models as dataflow graphs, processing requests spanning diverse modalities and tasks as traversals over these graphs. The core insight is a modular abstraction that supports arbitrary composition of model components, flexible placement onto a physical cluster, and model-agnostic optimizations within a distributed runtime. We call this abstraction the Walk Graph and show how it can concisely capture composite models from a broad range of families. We instantiate M* on representative models and find that ",true,inference_ii_multi_modal_mot,m_a_modular_extensible_serving_system_for_multimodal_models.pdf,
Mixture-of-Transformers: A Sparse and Scalable Architecture for Multi-Modal Foundation Models,Mixture-of-Transformers: A Sparse and Scalable Architecture for Multi-Modal Foundation Models,"The development of large language models (LLMs) has expanded to multi-modal systems capable of processing text, images, and speech within a unified framework. Training these models demands significantly larger datasets and computational resources compared to textonly LLMs. To address the scaling challenges, we introduce Mixture-of-Transformers (MoT), a sparse multi-modal transformer architecture that significantly reduces pretraining computational costs. MoT decouples non-embedding parameters of the model by modality— including feed-forward networks, attention matrices, and layer normalization—enabling modality-specific processing with global self-attention over the full input sequence. We evaluate MoT across multiple settings and model scales. In the Chameleon 7B setting (autoregressive text-and-image generation), MoT matches the dense baseline’s performance using only 55.8% of the FLOPs. When extended to include speech, MoT reaches speech performance comparable to the dense baseline with only 37.2% of the FLOPs. In the Transfusion setting, where text and image are trained with different objectives, a 7B MoT model matches the image modality performance of the dense baseline with o",true,inference_ii_multi_modal_mot,mixture_of_transformers_a_sparse_and_scalable_architecture_for_multi_modal_foundation_mode.pdf,page 1 begins with the TMLR publication header
